Robs Playlist,
Caramelldansen,Caramella,Supergott,1,210,
Caramelldansen,Caramella,Supergott,1,210,
Caramelldansen,Caramella,Supergott,1,210,
Caramelldansen,Caramella,Supergott,1,210,
Caramelldansen,Caramella,Supergott,1,210,
Caramelldansen,Caramella,Supergott,1,210,
Caramelldansen,Caramella,Supergott,1,210,
Caramelldansen,Caramella,Supergott,1,210,
Caramelldansen,Caramella,Supergott,1,210,
Caramelldansen,Caramella,Supergott,1,210,
Caramelldansen,Caramella,Supergott,1,210,
Caramelldansen,Caramella,Supergott,1,210,
Caramelldansen,Caramella,Supergott,1,210,
Caramelldansen,Caramella,Supergott,1,210,
Caramelldansen,Caramella,Supergott,1,210,
Caramelldansen,Caramella,Supergott,1,210,
Caramelldansen,Caramella,Supergott,1,210,
Caramelldansen,Caramella,Supergott,1,210,
Caramelldansen,Caramella,Supergott,1,210,
Caramelldansen,Caramella,Supergott,1,210,
Caramelldansen,Caramella,Supergott,1,210,
Caramelldansen,Caramella,Supergott,1,210,
Caramelldansen,Caramella,Supergott,1,210,
Caramelldansen,Caramella,Supergott,1,210,
Caramelldansen,Caramella,Supergott,1,210,
Caramelldansen,Caramella,Supergott,1,210,
Caramelldansen,Caramella,Supergott,1,210,
Caramelldansen,Caramella,Supergott,1,210,
Caramelldansen,Caramella,Supergott,1,210,
Caramelldansen,Caramella,Supergott,1,210,
Caramelldansen,Caramella,Supergott,1,210,
Caramelldansen,Caramella,Supergott,1,210,
Caramelldansen,Caramella,Supergott,1,210,
Caramelldansen,Caramella,Supergott,1,210,
Caramelldansen,Caramella,Supergott,1,210,
Caramelldansen,Caramella,Supergott,1,210,
Caramelldansen,Caramella,Supergott,1,210,
Caramelldansen,Caramella,Supergott,1,210,
Caramelldansen,Caramella,Supergott,1,210,
Caramelldansen,Caramella,Supergott,1,210,
Caramelldansen,Caramella,Supergott,1,210,
Caramelldansen,Caramella,Supergott,1,210,
Caramelldansen,Caramella,Supergott,1,210,
Caramelldansen,Caramella,Supergott,1,210,
Caramelldansen,Caramella,Supergott,1,210,
Caramelldansen,Caramella,Supergott,1,210,
Caramelldansen,Caramella,Supergott,1,210,
Caramelldansen,Caramella,Supergott,1,210,
Caramelldansen,Caramella,Supergott,1,210,
Caramelldansen,Caramella,Supergott,1,210,
Caramelldansen,Caramella,Supergott,1,210,
Caramelldansen,Caramella,Supergott,1,210,
Caramelldansen,Caramella,Supergott,1,210,
Caramelldansen,Caramella,Supergott,1,210,
Caramelldansen,Caramella,Supergott,1,210,
Caramelldansen,Caramella,Supergott,1,210,
Caramelldansen,Caramella,Supergott,1,210,
Caramelldansen,Caramella,Supergott,1,210,
Caramelldansen,Caramella,Supergott,1,210,
Caramelldansen,Caramella,Supergott,1,210,
Caramelldansen,Caramella,Supergott,1,210,
Caramelldansen,Caramella,Supergott,1,210,
Caramelldansen,Caramella,Supergott,1,210,
Caramelldansen,Caramella,Supergott,1,210,
Caramelldansen,Caramella,Supergott,1,210,
Caramelldansen,Caramella,Supergott,1,210,
Caramelldansen,Caramella,Supergott,1,210,
Caramelldansen,Caramella,Supergott,1,210,
Caramelldansen,Caramella,Supergott,1,210,
Caramelldansen,Caramella,Supergott,1,210,
Caramelldansen,Caramella,Supergott,1,210,
Caramelldansen,Caramella,Supergott,1,210,
Caramelldansen,Caramella,Supergott,1,210,
Caramelldansen,Caramella,Supergott,1,210,
Caramelldansen,Caramella,Supergott,1,210,
Caramelldansen,Caramella,Supergott,1,210,
Caramelldansen,Caramella,Supergott,1,210,
Caramelldansen,Caramella,Supergott,1,210,
Caramelldansen,Caramella,Supergott,1,210,
Caramelldansen,Caramella,Supergott,1,210,
Caramelldansen,Caramella,Supergott,1,210,
Caramelldansen,Caramella,Supergott,1,210,
Caramelldansen,Caramella,Supergott,1,210,
Caramelldansen,Caramella,Supergott,1,210,
Caramelldansen,Caramella,Supergott,1,210,
Caramelldansen,Caramella,Supergott,1,210,
Caramelldansen,Caramella,Supergott,1,210,
Caramelldansen,Caramella,Supergott,1,210,
Caramelldansen,Caramella,Supergott,1,210,
Caramelldansen,Caramella,Supergott,1,210,
Caramelldansen,Caramella,Supergott,1,210,
Caramelldansen,Caramella,Supergott,1,210,
Caramelldansen,Caramella,Supergott,1,210,
Caramelldansen,Caramella,Supergott,1,210,
Caramelldansen,Caramella,Supergott,1,210,
Caramelldansen,Caramella,Supergott,1,210,
Caramelldansen,Caramella,Supergott,1,210,
Caramelldansen,Caramella,Supergott,1,210,
Caramelldansen,Caramella,Supergott,1,210,
Caramelldansen,Caramella,Supergott,1,210,
Caramelldansen,Caramella,Supergott,1,210,
Caramelldansen,Caramella,Supergott,1,210,
Caramelldansen,Caramella,Supergott,1,210,
Caramelldansen,Caramella,Supergott,1,210,
Caramelldansen,Caramella,Supergott,1,210,
Caramelldansen,Caramella,Supergott,1,210,
Caramelldansen,Caramella,Supergott,1,210,
Caramelldansen,Caramella,Supergott,1,210,
Caramelldansen,Caramella,Supergott,1,210,
Caramelldansen,Caramella,Supergott,1,210,
Caramelldansen,Caramella,Supergott,1,210,
Caramelldansen,Caramella,Supergott,1,210,
Caramelldansen,Caramella,Supergott,1,210,
Caramelldansen,Caramella,Supergott,1,210,
Caramelldansen,Caramella,Supergott,1,210,
Caramelldansen,Caramella,Supergott,1,210,
Caramelldansen,Caramella,Supergott,1,210,
Caramelldansen,Caramella,Supergott,1,210,
Caramelldansen,Caramella,Supergott,1,210,
Caramelldansen,Caramella,Supergott,1,210,
Caramelldansen,Caramella,Supergott,1,210,
Caramelldansen,Caramella,Supergott,1,210,
Caramelldansen,Caramella,Supergott,1,210,
Caramelldansen,Caramella,Supergott,1,210,
Caramelldansen,Caramella,Supergott,1,210,
Caramelldansen,Caramella,Supergott,1,210,
Caramelldansen,Caramella,Supergott,1,210,
Caramelldansen,Caramella,Supergott,1,210,
Caramelldansen,Caramella,Supergott,1,210,
Caramelldansen,Caramella,Supergott,1,210,
Caramelldansen,Caramella,Supergott,1,210,
Caramelldansen,Caramella,Supergott,1,210,
Caramelldansen,Caramella,Supergott,1,210,
Caramelldansen,Caramella,Supergott,1,210,
Caramelldansen,Caramella,Supergott,1,210,
Caramelldansen,Caramella,Supergott,1,210,
Caramelldansen,Caramella,Supergott,1,210,
Caramelldansen,Caramella,Supergott,1,210,
Caramelldansen,Caramella,Supergott,1,210,
Caramelldansen,Caramella,Supergott,1,210,
Caramelldansen,Caramella,Supergott,1,210,
Caramelldansen,Caramella,Supergott,1,210,
Caramelldansen,Caramella,Supergott,1,210,
Caramelldansen,Caramella,Supergott,1,210,
Caramelldansen,Caramella,Supergott,1,210,
Caramelldansen,Caramella,Supergott,1,210,
Caramelldansen,Caramella,Supergott,1,210,
Caramelldansen,Caramella,Supergott,1,210,
Caramelldansen,Caramella,Supergott,1,210,
Caramelldansen,Caramella,Supergott,1,210,
Caramelldansen,Caramella,Supergott,1,210,
Caramelldansen,Caramella,Supergott,1,210,
Caramelldansen,Caramella,Supergott,1,210,
Caramelldansen,Caramella,Supergott,1,210,
Caramelldansen,Caramella,Supergott,1,210,
Caramelldansen,Caramella,Supergott,1,210,
Caramelldansen,Caramella,Supergott,1,210,
Caramelldansen,Caramella,Supergott,1,210,
Caramelldansen,Caramella,Supergott,1,210,
Caramelldansen,Caramella,Supergott,1,210,
Caramelldansen,Caramella,Supergott,1,210,
Caramelldansen,Caramella,Supergott,1,210,
Caramelldansen,Caramella,Supergott,1,210,
Caramelldansen,Caramella,Supergott,1,210,
Caramelldansen,Caramella,Supergott,1,210,
Caramelldansen,Caramella,Supergott,1,210,
Caramelldansen,Caramella,Supergott,1,210,
Caramelldansen,Caramella,Supergott,1,210,
Caramelldansen,Caramella,Supergott,1,210,
Caramelldansen,Caramella,Supergott,1,210,
Caramelldansen,Caramella,Supergott,1,210,
Caramelldansen,Caramella,Supergott,1,210,
Caramelldansen,Caramella,Supergott,1,210,
Caramelldansen,Caramella,Supergott,1,210,
Caramelldansen,Caramella,Supergott,1,210,
Caramelldansen,Caramella,Supergott,1,210,
Caramelldansen,Caramella,Supergott,1,210,
Caramelldansen,Caramella,Supergott,1,210,
Caramelldansen,Caramella,Supergott,1,210,
Caramelldansen,Caramella,Supergott,1,210,
Caramelldansen,Caramella,Supergott,1,210,
Caramelldansen,Caramella,Supergott,1,210,
Caramelldansen,Caramella,Supergott,1,210,
Caramelldansen,Caramella,Supergott,1,210,
Caramelldansen,Caramella,Supergott,1,210,
Caramelldansen,Caramella,Supergott,1,210,
Caramelldansen,Caramella,Supergott,1,210,
Caramelldansen,Caramella,Supergott,1,210,
Caramelldansen,Caramella,Supergott,1,210,
Caramelldansen,Caramella,Supergott,1,210,
Caramelldansen,Caramella,Supergott,1,210,
Caramelldansen,Caramella,Supergott,1,210,
Caramelldansen,Caramella,Supergott,1,210,
Caramelldansen,Caramella,Supergott,1,210,
Caramelldansen,Caramella,Supergott,1,210,
Caramelldansen,Caramella,Supergott,1,210,
Caramelldansen,Caramella,Supergott,1,210,
Caramelldansen,Caramella,Supergott,1,210,
Caramelldansen,Caramella,Supergott,1,210,
Caramelldansen,Caramella,Supergott,1,210,
Caramelldansen,Caramella,Supergott,1,210,
Caramelldansen,Caramella,Supergott,1,210,
Caramelldansen,Caramella,Supergott,1,210,
Caramelldansen,Caramella,Supergott,1,210,
Caramelldansen,Caramella,Supergott,1,210,
Caramelldansen,Caramella,Supergott,1,210,
Caramelldansen,Caramella,Supergott,1,210,
Caramelldansen,Caramella,Supergott,1,210,
Caramelldansen,Caramella,Supergott,1,210,
Caramelldansen,Caramella,Supergott,1,210,
Caramelldansen,Caramella,Supergott,1,210,
Caramelldansen,Caramella,Supergott,1,210,
Caramelldansen,Caramella,Supergott,1,210,
Caramelldansen,Caramella,Supergott,1,210,
Caramelldansen,Caramella,Supergott,1,210,
Caramelldansen,Caramella,Supergott,1,210,
Caramelldansen,Caramella,Supergott,1,210,
Caramelldansen,Caramella,Supergott,1,210,
Caramelldansen,Caramella,Supergott,1,210,
Caramelldansen,Caramella,Supergott,1,210,
Caramelldansen,Caramella,Supergott,1,210,
Caramelldansen,Caramella,Supergott,1,210,
Caramelldansen,Caramella,Supergott,1,210,
Caramelldansen,Caramella,Supergott,1,210,
Caramelldansen,Caramella,Supergott,1,210,
Caramelldansen,Caramella,Supergott,1,210,
Caramelldansen,Caramella,Supergott,1,210,
Caramelldansen,Caramella,Supergott,1,210,
Caramelldansen,Caramella,Supergott,1,210,
Caramelldansen,Caramella,Supergott,1,210,
Caramelldansen,Caramella,Supergott,1,210,
Caramelldansen,Caramella,Supergott,1,210,
Caramelldansen,Caramella,Supergott,1,210,
Caramelldansen,Caramella,Supergott,1,210,
Caramelldansen,Caramella,Supergott,1,210,
Caramelldansen,Caramella,Supergott,1,210,
Caramelldansen,Caramella,Supergott,1,210,
Caramelldansen,Caramella,Supergott,1,210,
Caramelldansen,Caramella,Supergott,1,210,
Caramelldansen,Caramella,Supergott,1,210,
Caramelldansen,Caramella,Supergott,1,210,
Caramelldansen,Caramella,Supergott,1,210,
Caramelldansen,Caramella,Supergott,1,210,
Caramelldansen,Caramella,Supergott,1,210,
Caramelldansen,Caramella,Supergott,1,210,
Caramelldansen,Caramella,Supergott,1,210,
Caramelldansen,Caramella,Supergott,1,210,
Caramelldansen,Caramella,Supergott,1,210,
Caramelldansen,Caramella,Supergott,1,210,
Caramelldansen,Caramella,Supergott,1,210,
Caramelldansen,Caramella,Supergott,1,210,
Caramelldansen,Caramella,Supergott,1,210,
Caramelldansen,Caramella,Supergott,1,210,
Caramelldansen,Caramella,Supergott,1,210,
Caramelldansen,Caramella,Supergott,1,210,
Caramelldansen,Caramella,Supergott,1,210,
Caramelldansen,Caramella,Supergott,1,210,
Caramelldansen,Caramella,Supergott,1,210,
Caramelldansen,Caramella,Supergott,1,210,
Caramelldansen,Caramella,Supergott,1,210,
Caramelldansen,Caramella,Supergott,1,210,
Caramelldansen,Caramella,Supergott,1,210,
Caramelldansen,Caramella,Supergott,1,210,
Caramelldansen,Caramella,Supergott,1,210,
Caramelldansen,Caramella,Supergott,1,210,
Caramelldansen,Caramella,Supergott,1,210,
Caramelldansen,Caramella,Supergott,1,210,
Caramelldansen,Caramella,Supergott,1,210,
Caramelldansen,Caramella,Supergott,1,210,
Caramelldansen,Caramella,Supergott,1,210,
Caramelldansen,Caramella,Supergott,1,210,
Caramelldansen,Caramella,Supergott,1,210,
Caramelldansen,Caramella,Supergott,1,210,
Caramelldansen,Caramella,Supergott,1,210,
Caramelldansen,Caramella,Supergott,1,210,
Caramelldansen,Caramella,Supergott,1,210,
Caramelldansen,Caramella,Supergott,1,210,
Caramelldansen,Caramella,Supergott,1,210,
Caramelldansen,Caramella,Supergott,1,210,
Caramelldansen,Caramella,Supergott,1,210,
Caramelldansen,Caramella,Supergott,1,210,
Caramelldansen,Caramella,Supergott,1,210,
Caramelldansen,Caramella,Supergott,1,210,
Caramelldansen,Caramella,Supergott,1,210,
Caramelldansen,Caramella,Supergott,1,210,
Caramelldansen,Caramella,Supergott,1,210,
Caramelldansen,Caramella,Supergott,1,210,
Caramelldansen,Caramella,Supergott,1,210,
Caramelldansen,Caramella,Supergott,1,210,
Caramelldansen,Caramella,Supergott,1,210,
Caramelldansen,Caramella,Supergott,1,210,
Caramelldansen,Caramella,Supergott,1,210,
Caramelldansen,Caramella,Supergott,1,210,
Caramelldansen,Caramella,Supergott,1,210,
Caramelldansen,Caramella,Supergott,1,210,
Caramelldansen,Caramella,Supergott,1,210,
Caramelldansen,Caramella,Supergott,1,210,
Caramelldansen,Caramella,Supergott,1,210,
Caramelldansen,Caramella,Supergott,1,210,
Caramelldansen,Caramella,Supergott,1,210,
Caramelldansen,Caramella,Supergott,1,210,
Caramelldansen,Caramella,Supergott,1,210,
Caramelldansen,Caramella,Supergott,1,210,
Caramelldansen,Caramella,Supergott,1,210,
Caramelldansen,Caramella,Supergott,1,210,
Caramelldansen,Caramella,Supergott,1,210,
Caramelldansen,Caramella,Supergott,1,210,
Caramelldansen,Caramella,Supergott,1,210,
Caramelldansen,Caramella,Supergott,1,210,
Caramelldansen,Caramella,Supergott,1,210,
Caramelldansen,Caramella,Supergott,1,210,
Caramelldansen,Caramella,Supergott,1,210,
Caramelldansen,Caramella,Supergott,1,210,
Caramelldansen,Caramella,Supergott,1,210,
Caramelldansen,Caramella,Supergott,1,210,
Caramelldansen,Caramella,Supergott,1,210,
Caramelldansen,Caramella,Supergott,1,210,
Caramelldansen,Caramella,Supergott,1,210,
Caramelldansen,Caramella,Supergott,1,210,
Caramelldansen,Caramella,Supergott,1,210,
Caramelldansen,Caramella,Supergott,1,210,
Caramelldansen,Caramella,Supergott,1,210,
Caramelldansen,Caramella,Supergott,1,210,
Caramelldansen,Caramella,Supergott,1,210,
Caramelldansen,Caramella,Supergott,1,210,
Caramelldansen,Caramella,Supergott,1,210,
Caramelldansen,Caramella,Supergott,1,210,
Caramelldansen,Caramella,Supergott,1,210,
Caramelldansen,Caramella,Supergott,1,210,
Caramelldansen,Caramella,Supergott,1,210,
Caramelldansen,Caramella,Supergott,1,210,
Caramelldansen,Caramella,Supergott,1,210,
Caramelldansen,Caramella,Supergott,1,210,
Caramelldansen,Caramella,Supergott,1,210,
Caramelldansen,Caramella,Supergott,1,210,
Caramelldansen,Caramella,Supergott,1,210,
Caramelldansen,Caramella,Supergott,1,210,
Caramelldansen,Caramella,Supergott,1,210,
Caramelldansen,Caramella,Supergott,1,210,
Caramelldansen,Caramella,Supergott,1,210,
Caramelldansen,Caramella,Supergott,1,210,
Caramelldansen,Caramella,Supergott,1,210,
Caramelldansen,Caramella,Supergott,1,210,
Caramelldansen,Caramella,Supergott,1,210,
Caramelldansen,Caramella,Supergott,1,210,
Caramelldansen,Caramella,Supergott,1,210,
Caramelldansen,Caramella,Supergott,1,210,
Caramelldansen,Caramella,Supergott,1,210,
Caramelldansen,Caramella,Supergott,1,210,
Caramelldansen,Caramella,Supergott,1,210,
Caramelldansen,Caramella,Supergott,1,210,
Caramelldansen,Caramella,Supergott,1,210,
Caramelldansen,Caramella,Supergott,1,210,
Caramelldansen,Caramella,Supergott,1,210,
Caramelldansen,Caramella,Supergott,1,210,
Caramelldansen,Caramella,Supergott,1,210,
Caramelldansen,Caramella,Supergott,1,210,
Caramelldansen,Caramella,Supergott,1,210,
Caramelldansen,Caramella,Supergott,1,210,
Caramelldansen,Caramella,Supergott,1,210,
Caramelldansen,Caramella,Supergott,1,210,
Caramelldansen,Caramella,Supergott,1,210,
Caramelldansen,Caramella,Supergott,1,210,
Caramelldansen,Caramella,Supergott,1,210,
Caramelldansen,Caramella,Supergott,1,210,
Caramelldansen,Caramella,Supergott,1,210,
Caramelldansen,Caramella,Supergott,1,210,
Caramelldansen,Caramella,Supergott,1,210,
Caramelldansen,Caramella,Supergott,1,210,
Caramelldansen,Caramella,Supergott,1,210,
Caramelldansen,Caramella,Supergott,1,210,
Caramelldansen,Caramella,Supergott,1,210,
Caramelldansen,Caramella,Supergott,1,210,
Caramelldansen,Caramella,Supergott,1,210,
Caramelldansen,Caramella,Supergott,1,210,
Caramelldansen,Caramella,Supergott,1,210,
Caramelldansen,Caramella,Supergott,1,210,
Caramelldansen,Caramella,Supergott,1,210,
Caramelldansen,Caramella,Supergott,1,210,
Caramelldansen,Caramella,Supergott,1,210,
Caramelldansen,Caramella,Supergott,1,210,
Caramelldansen,Caramella,Supergott,1,210,
Caramelldansen,Caramella,Supergott,1,210,
Caramelldansen,Caramella,Supergott,1,210,
Caramelldansen,Caramella,Supergott,1,210,
Caramelldansen,Caramella,Supergott,1,210,
Caramelldansen,Caramella,Supergott,1,210,
Caramelldansen,Caramella,Supergott,1,210,
Caramelldansen,Caramella,Supergott,1,210,
Caramelldansen,Caramella,Supergott,1,210,
Caramelldansen,Caramella,Supergott,1,210,
Caramelldansen,Caramella,Supergott,1,210,
Caramelldansen,Caramella,Supergott,1,210,
Caramelldansen,Caramella,Supergott,1,210,
Caramelldansen,Caramella,Supergott,1,210,
Caramelldansen,Caramella,Supergott,1,210,
Caramelldansen,Caramella,Supergott,1,210,
Caramelldansen,Caramella,Supergott,1,210,
Caramelldansen,Caramella,Supergott,1,210,
Caramelldansen,Caramella,Supergott,1,210,
Caramelldansen,Caramella,Supergott,1,210,
Caramelldansen,Caramella,Supergott,1,210,
Caramelldansen,Caramella,Supergott,1,210,
Caramelldansen,Caramella,Supergott,1,210,
Caramelldansen,Caramella,Supergott,1,210,
Caramelldansen,Caramella,Supergott,1,210,
Caramelldansen,Caramella,Supergott,1,210,
Caramelldansen,Caramella,Supergott,1,210,
Caramelldansen,Caramella,Supergott,1,210,
Caramelldansen,Caramella,Supergott,1,210,
Caramelldansen,Caramella,Supergott,1,210,
Caramelldansen,Caramella,Supergott,1,210,
Caramelldansen,Caramella,Supergott,1,210,
Caramelldansen,Caramella,Supergott,1,210,
Caramelldansen,Caramella,Supergott,1,210,
Caramelldansen,Caramella,Supergott,1,210,
Caramelldansen,Caramella,Supergott,1,210,
Caramelldansen,Caramella,Supergott,1,210,
Caramelldansen,Caramella,Supergott,1,210,
Caramelldansen,Caramella,Supergott,1,210,
Caramelldansen,Caramella,Supergott,1,210,
Caramelldansen,Caramella,Supergott,1,210,
Caramelldansen,Caramella,Supergott,1,210,
Caramelldansen,Caramella,Supergott,1,210,
Caramelldansen,Caramella,Supergott,1,210,
Caramelldansen,Caramella,Supergott,1,210,
Caramelldansen,Caramella,Supergott,1,210,
Caramelldansen,Caramella,Supergott,1,210,
Caramelldansen,Caramella,Supergott,1,210,
Caramelldansen,Caramella,Supergott,1,210,
Caramelldansen,Caramella,Supergott,1,210,
Caramelldansen,Caramella,Supergott,1,210,
Caramelldansen,Caramella,Supergott,1,210,
Caramelldansen,Caramella,Supergott,1,210,
Caramelldansen,Caramella,Supergott,1,210,
Caramelldansen,Caramella,Supergott,1,210,
Caramelldansen,Caramella,Supergott,1,210,
Caramelldansen,Caramella,Supergott,1,210,
Caramelldansen,Caramella,Supergott,1,210,
Caramelldansen,Caramella,Supergott,1,210,
Caramelldansen,Caramella,Supergott,1,210,
Caramelldansen,Caramella,Supergott,1,210,
Caramelldansen,Caramella,Supergott,1,210,
Caramelldansen,Caramella,Supergott,1,210,
Caramelldansen,Caramella,Supergott,1,210,
Caramelldansen,Caramella,Supergott,1,210,
Caramelldansen,Caramella,Supergott,1,210,
Caramelldansen,Caramella,Supergott,1,210,
Caramelldansen,Caramella,Supergott,1,210,
Caramelldansen,Caramella,Supergott,1,210,
Caramelldansen,Caramella,Supergott,1,210,
Caramelldansen,Caramella,Supergott,1,210,
Caramelldansen,Caramella,Supergott,1,210,
Caramelldansen,Caramella,Supergott,1,210,
Caramelldansen,Caramella,Supergott,1,210,
Caramelldansen,Caramella,Supergott,1,210,
Caramelldansen,Caramella,Supergott,1,210,
Caramelldansen,Caramella,Supergott,1,210,
Caramelldansen,Caramella,Supergott,1,210,
Caramelldansen,Caramella,Supergott,1,210,
Caramelldansen,Caramella,Supergott,1,210,
Caramelldansen,Caramella,Supergott,1,210,
Caramelldansen,Caramella,Supergott,1,210,
Caramelldansen,Caramella,Supergott,1,210,
Caramelldansen,Caramella,Supergott,1,210,
Caramelldansen,Caramella,Supergott,1,210,
Caramelldansen,Caramella,Supergott,1,210,
Caramelldansen,Caramella,Supergott,1,210,
Caramelldansen,Caramella,Supergott,1,210,
Caramelldansen,Caramella,Supergott,1,210,
Caramelldansen,Caramella,Supergott,1,210,
Caramelldansen,Caramella,Supergott,1,210,
Caramelldansen,Caramella,Supergott,1,210,
Caramelldansen,Caramella,Supergott,1,210,
Caramelldansen,Caramella,Supergott,1,210,
Caramelldansen,Caramella,Supergott,1,210,
Caramelldansen,Caramella,Supergott,1,210,
Caramelldansen,Caramella,Supergott,1,210,
Caramelldansen,Caramella,Supergott,1,210,
Caramelldansen,Caramella,Supergott,1,210,
Caramelldansen,Caramella,Supergott,1,210,
Caramelldansen,Caramella,Supergott,1,210,
Caramelldansen,Caramella,Supergott,1,210,
Caramelldansen,Caramella,Supergott,1,210,
Caramelldansen,Caramella,Supergott,1,210,
Caramelldansen,Caramella,Supergott,1,210,
Caramelldansen,Caramella,Supergott,1,210,
Caramelldansen,Caramella,Supergott,1,210,
Caramelldansen,Caramella,Supergott,1,210,
Caramelldansen,Caramella,Supergott,1,210,
Caramelldansen,Caramella,Supergott,1,210,
Caramelldansen,Caramella,Supergott,1,210,
Caramelldansen,Caramella,Supergott,1,210,
Caramelldansen,Caramella,Supergott,1,210,
Caramelldansen,Caramella,Supergott,1,210,
Caramelldansen,Caramella,Supergott,1,210,
Caramelldansen,Caramella,Supergott,1,210,
Caramelldansen,Caramella,Supergott,1,210,
Caramelldansen,Caramella,Supergott,1,210,
Caramelldansen,Caramella,Supergott,1,210,
Caramelldansen,Caramella,Supergott,1,210,
Caramelldansen,Caramella,Supergott,1,210,
Caramelldansen,Caramella,Supergott,1,210,
Caramelldansen,Caramella,Supergott,1,210,
Caramelldansen,Caramella,Supergott,1,210,
Caramelldansen,Caramella,Supergott,1,210,
Caramelldansen,Caramella,Supergott,1,210,
Caramelldansen,Caramella,Supergott,1,210,
Caramelldansen,Caramella,Supergott,1,210,
Caramelldansen,Caramella,Supergott,1,210,
Caramelldansen,Caramella,Supergott,1,210,
Caramelldansen,Caramella,Supergott,1,210,
Caramelldansen,Caramella,Supergott,1,210,
Caramelldansen,Caramella,Supergott,1,210,
Caramelldansen,Caramella,Supergott,1,210,
Caramelldansen,Caramella,Supergott,1,210,
Caramelldansen,Caramella,Supergott,1,210,
Caramelldansen,Caramella,Supergott,1,210,
Caramelldansen,Caramella,Supergott,1,210,
Caramelldansen,Caramella,Supergott,1,210,
Caramelldansen,Caramella,Supergott,1,210,
Caramelldansen,Caramella,Supergott,1,210,
Caramelldansen,Caramella,Supergott,1,210,
Caramelldansen,Caramella,Supergott,1,210,
Caramelldansen,Caramella,Supergott,1,210,
Caramelldansen,Caramella,Supergott,1,210,
Caramelldansen,Caramella,Supergott,1,210,
Caramelldansen,Caramella,Supergott,1,210,
Caramelldansen,Caramella,Supergott,1,210,
Caramelldansen,Caramella,Supergott,1,210,
Caramelldansen,Caramella,Supergott,1,210,
Caramelldansen,Caramella,Supergott,1,210,
Caramelldansen,Caramella,Supergott,1,210,
Caramelldansen,Caramella,Supergott,1,210,
Caramelldansen,Caramella,Supergott,1,210,
Caramelldansen,Caramella,Supergott,1,210,
Caramelldansen,Caramella,Supergott,1,210,
Caramelldansen,Caramella,Supergott,1,210,
Caramelldansen,Caramella,Supergott,1,210,
Caramelldansen,Caramella,Supergott,1,210,
Caramelldansen,Caramella,Supergott,1,210,
Caramelldansen,Caramella,Supergott,1,210,
Caramelldansen,Caramella,Supergott,1,210,
Caramelldansen,Caramella,Supergott,1,210,
Caramelldansen,Caramella,Supergott,1,210,
Caramelldansen,Caramella,Supergott,1,210,
Caramelldansen,Caramella,Supergott,1,210,
Caramelldansen,Caramella,Supergott,1,210,
Caramelldansen,Caramella,Supergott,1,210,
Caramelldansen,Caramella,Supergott,1,210,
Caramelldansen,Caramella,Supergott,1,210,
Caramelldansen,Caramella,Supergott,1,210,
Caramelldansen,Caramella,Supergott,1,210,
Caramelldansen,Caramella,Supergott,1,210,
Caramelldansen,Caramella,Supergott,1,210,
Caramelldansen,Caramella,Supergott,1,210,
Caramelldansen,Caramella,Supergott,1,210,
Caramelldansen,Caramella,Supergott,1,210,
Caramelldansen,Caramella,Supergott,1,210,
Caramelldansen,Caramella,Supergott,1,210,
Caramelldansen,Caramella,Supergott,1,210,
Caramelldansen,Caramella,Supergott,1,210,
Caramelldansen,Caramella,Supergott,1,210,
Caramelldansen,Caramella,Supergott,1,210,
Caramelldansen,Caramella,Supergott,1,210,
Caramelldansen,Caramella,Supergott,1,210,
Caramelldansen,Caramella,Supergott,1,210,
Caramelldansen,Caramella,Supergott,1,210,
Caramelldansen,Caramella,Supergott,1,210,
Caramelldansen,Caramella,Supergott,1,210,
Caramelldansen,Caramella,Supergott,1,210,
Caramelldansen,Caramella,Supergott,1,210,
Caramelldansen,Caramella,Supergott,1,210,
Caramelldansen,Caramella,Supergott,1,210,
Caramelldansen,Caramella,Supergott,1,210,
Caramelldansen,Caramella,Supergott,1,210,
Caramelldansen,Caramella,Supergott,1,210,
Caramelldansen,Caramella,Supergott,1,210,
Caramelldansen,Caramella,Supergott,1,210,
Caramelldansen,Caramella,Supergott,1,210,
Caramelldansen,Caramella,Supergott,1,210,
Caramelldansen,Caramella,Supergott,1,210,
Caramelldansen,Caramella,Supergott,1,210,
Caramelldansen,Caramella,Supergott,1,210,
Caramelldansen,Caramella,Supergott,1,210,
Caramelldansen,Caramella,Supergott,1,210,
Caramelldansen,Caramella,Supergott,1,210,
Caramelldansen,Caramella,Supergott,1,210,
Caramelldansen,Caramella,Supergott,1,210,
Caramelldansen,Caramella,Supergott,1,210,
Caramelldansen,Caramella,Supergott,1,210,
Caramelldansen,Caramella,Supergott,1,210,
Caramelldansen,Caramella,Supergott,1,210,
Caramelldansen,Caramella,Supergott,1,210,
Caramelldansen,Caramella,Supergott,1,210,
Caramelldansen,Caramella,Supergott,1,210,
Caramelldansen,Caramella,Supergott,1,210,
Caramelldansen,Caramella,Supergott,1,210,
Caramelldansen,Caramella,Supergott,1,210,
Caramelldansen,Caramella,Supergott,1,210,
Caramelldansen,Caramella,Supergott,1,210,
Caramelldansen,Caramella,Supergott,1,210,
Caramelldansen,Caramella,Supergott,1,210,
Caramelldansen,Caramella,Supergott,1,210,
Caramelldansen,Caramella,Supergott,1,210,
Caramelldansen,Caramella,Supergott,1,210,
Caramelldansen,Caramella,Supergott,1,210,
Caramelldansen,Caramella,Supergott,1,210,
Caramelldansen,Caramella,Supergott,1,210,
Caramelldansen,Caramella,Supergott,1,210,
Caramelldansen,Caramella,Supergott,1,210,
Caramelldansen,Caramella,Supergott,1,210,
Caramelldansen,Caramella,Supergott,1,210,
Caramelldansen,Caramella,Supergott,1,210,
Caramelldansen,Caramella,Supergott,1,210,
Caramelldansen,Caramella,Supergott,1,210,
Caramelldansen,Caramella,Supergott,1,210,
Caramelldansen,Caramella,Supergott,1,210,
Caramelldansen,Caramella,Supergott,1,210,
Caramelldansen,Caramella,Supergott,1,210,
Caramelldansen,Caramella,Supergott,1,210,
Caramelldansen,Caramella,Supergott,1,210,
Caramelldansen,Caramella,Supergott,1,210,
Caramelldansen,Caramella,Supergott,1,210,
Caramelldansen,Caramella,Supergott,1,210,
Caramelldansen,Caramella,Supergott,1,210,
Caramelldansen,Caramella,Supergott,1,210,
Caramelldansen,Caramella,Supergott,1,210,
Caramelldansen,Caramella,Supergott,1,210,
Caramelldansen,Caramella,Supergott,1,210,
Caramelldansen,Caramella,Supergott,1,210,
Caramelldansen,Caramella,Supergott,1,210,
Caramelldansen,Caramella,Supergott,1,210,
Caramelldansen,Caramella,Supergott,1,210,
Caramelldansen,Caramella,Supergott,1,210,
Caramelldansen,Caramella,Supergott,1,210,
Caramelldansen,Caramella,Supergott,1,210,
Caramelldansen,Caramella,Supergott,1,210,
Caramelldansen,Caramella,Supergott,1,210,
Caramelldansen,Caramella,Supergott,1,210,
Caramelldansen,Caramella,Supergott,1,210,
Caramelldansen,Caramella,Supergott,1,210,
Caramelldansen,Caramella,Supergott,1,210,
Caramelldansen,Caramella,Supergott,1,210,
Caramelldansen,Caramella,Supergott,1,210,
Caramelldansen,Caramella,Supergott,1,210,
Caramelldansen,Caramella,Supergott,1,210,
Caramelldansen,Caramella,Supergott,1,210,
Caramelldansen,Caramella,Supergott,1,210,
Caramelldansen,Caramella,Supergott,1,210,
Caramelldansen,Caramella,Supergott,1,210,
Caramelldansen,Caramella,Supergott,1,210,
Caramelldansen,Caramella,Supergott,1,210,
Caramelldansen,Caramella,Supergott,1,210,
Caramelldansen,Caramella,Supergott,1,210,
Caramelldansen,Caramella,Supergott,1,210,
Caramelldansen,Caramella,Supergott,1,210,
Caramelldansen,Caramella,Supergott,1,210,
Caramelldansen,Caramella,Supergott,1,210,
Caramelldansen,Caramella,Supergott,1,210,
Caramelldansen,Caramella,Supergott,1,210,
Caramelldansen,Caramella,Supergott,1,210,
Caramelldansen,Caramella,Supergott,1,210,
Caramelldansen,Caramella,Supergott,1,210,
Caramelldansen,Caramella,Supergott,1,210,
Caramelldansen,Caramella,Supergott,1,210,
Caramelldansen,Caramella,Supergott,1,210,
Caramelldansen,Caramella,Supergott,1,210,
Caramelldansen,Caramella,Supergott,1,210,
Caramelldansen,Caramella,Supergott,1,210,
Caramelldansen,Caramella,Supergott,1,210,
Caramelldansen,Caramella,Supergott,1,210,
Caramelldansen,Caramella,Supergott,1,210,
Caramelldansen,Caramella,Supergott,1,210,
Caramelldansen,Caramella,Supergott,1,210,
Caramelldansen,Caramella,Supergott,1,210,
Caramelldansen,Caramella,Supergott,1,210,
Caramelldansen,Caramella,Supergott,1,210,
Caramelldansen,Caramella,Supergott,1,210,
Caramelldansen,Caramella,Supergott,1,210,
Caramelldansen,Caramella,Supergott,1,210,
Caramelldansen,Caramella,Supergott,1,210,
Caramelldansen,Caramella,Supergott,1,210,
Caramelldansen,Caramella,Supergott,1,210,
Caramelldansen,Caramella,Supergott,1,210,
Caramelldansen,Caramella,Supergott,1,210,
Caramelldansen,Caramella,Supergott,1,210,
Caramelldansen,Caramella,Supergott,1,210,
Caramelldansen,Caramella,Supergott,1,210,
Caramelldansen,Caramella,Supergott,1,210,
Caramelldansen,Caramella,Supergott,1,210,
Caramelldansen,Caramella,Supergott,1,210,
Caramelldansen,Caramella,Supergott,1,210,
Caramelldansen,Caramella,Supergott,1,210,
Caramelldansen,Caramella,Supergott,1,210,
Caramelldansen,Caramella,Supergott,1,210,
Caramelldansen,Caramella,Supergott,1,210,
Caramelldansen,Caramella,Supergott,1,210,
Caramelldansen,Caramella,Supergott,1,210,
Caramelldansen,Caramella,Supergott,1,210,
Caramelldansen,Caramella,Supergott,1,210,
Caramelldansen,Caramella,Supergott,1,210,
Caramelldansen,Caramella,Supergott,1,210,
Caramelldansen,Caramella,Supergott,1,210,
Caramelldansen,Caramella,Supergott,1,210,
Caramelldansen,Caramella,Supergott,1,210,
Caramelldansen,Caramella,Supergott,1,210,
Caramelldansen,Caramella,Supergott,1,210,
Caramelldansen,Caramella,Supergott,1,210,
Caramelldansen,Caramella,Supergott,1,210,
Caramelldansen,Caramella,Supergott,1,210,
Caramelldansen,Caramella,Supergott,1,210,
Caramelldansen,Caramella,Supergott,1,210,
Caramelldansen,Caramella,Supergott,1,210,
Caramelldansen,Caramella,Supergott,1,210,
Caramelldansen,Caramella,Supergott,1,210,
Caramelldansen,Caramella,Supergott,1,210,
Caramelldansen,Caramella,Supergott,1,210,
Caramelldansen,Caramella,Supergott,1,210,
Caramelldansen,Caramella,Supergott,1,210,
Caramelldansen,Caramella,Supergott,1,210,
Caramelldansen,Caramella,Supergott,1,210,
Caramelldansen,Caramella,Supergott,1,210,
Caramelldansen,Caramella,Supergott,1,210,
Caramelldansen,Caramella,Supergott,1,210,
Caramelldansen,Caramella,Supergott,1,210,
Caramelldansen,Caramella,Supergott,1,210,
Caramelldansen,Caramella,Supergott,1,210,
Caramelldansen,Caramella,Supergott,1,210,
Caramelldansen,Caramella,Supergott,1,210,
Caramelldansen,Caramella,Supergott,1,210,
Caramelldansen,Caramella,Supergott,1,210,
Caramelldansen,Caramella,Supergott,1,210,
Caramelldansen,Caramella,Supergott,1,210,
Caramelldansen,Caramella,Supergott,1,210,
Caramelldansen,Caramella,Supergott,1,210,
Caramelldansen,Caramella,Supergott,1,210,
Caramelldansen,Caramella,Supergott,1,210,
Caramelldansen,Caramella,Supergott,1,210,
Caramelldansen,Caramella,Supergott,1,210,
Caramelldansen,Caramella,Supergott,1,210,
Caramelldansen,Caramella,Supergott,1,210,
Caramelldansen,Caramella,Supergott,1,210,
Caramelldansen,Caramella,Supergott,1,210,
Caramelldansen,Caramella,Supergott,1,210,
Caramelldansen,Caramella,Supergott,1,210,
Caramelldansen,Caramella,Supergott,1,210,
Caramelldansen,Caramella,Supergott,1,210,
Caramelldansen,Caramella,Supergott,1,210,
Caramelldansen,Caramella,Supergott,1,210,
Caramelldansen,Caramella,Supergott,1,210,
Caramelldansen,Caramella,Supergott,1,210,
Caramelldansen,Caramella,Supergott,1,210,
Caramelldansen,Caramella,Supergott,1,210,
Caramelldansen,Caramella,Supergott,1,210,
Caramelldansen,Caramella,Supergott,1,210,
Caramelldansen,Caramella,Supergott,1,210,
Caramelldansen,Caramella,Supergott,1,210,
Caramelldansen,Caramella,Supergott,1,210,
Caramelldansen,Caramella,Supergott,1,210,
Caramelldansen,Caramella,Supergott,1,210,
Caramelldansen,Caramella,Supergott,1,210,
Caramelldansen,Caramella,Supergott,1,210,
Caramelldansen,Caramella,Supergott,1,210,
Caramelldansen,Caramella,Supergott,1,210,
Caramelldansen,Caramella,Supergott,1,210,
Caramelldansen,Caramella,Supergott,1,210,
Caramelldansen,Caramella,Supergott,1,210,
Caramelldansen,Caramella,Supergott,1,210,
Caramelldansen,Caramella,Supergott,1,210,
Caramelldansen,Caramella,Supergott,1,210,
Caramelldansen,Caramella,Supergott,1,210,
Caramelldansen,Caramella,Supergott,1,210,
Caramelldansen,Caramella,Supergott,1,210,
Caramelldansen,Caramella,Supergott,1,210,
Caramelldansen,Caramella,Supergott,1,210,
Caramelldansen,Caramella,Supergott,1,210,
Caramelldansen,Caramella,Supergott,1,210,
Caramelldansen,Caramella,Supergott,1,210,
Caramelldansen,Caramella,Supergott,1,210,
Caramelldansen,Caramella,Supergott,1,210,
Caramelldansen,Caramella,Supergott,1,210,
Caramelldansen,Caramella,Supergott,1,210,
Caramelldansen,Caramella,Supergott,1,210,
Caramelldansen,Caramella,Supergott,1,210,
Caramelldansen,Caramella,Supergott,1,210,
Caramelldansen,Caramella,Supergott,1,210,
Caramelldansen,Caramella,Supergott,1,210,
Caramelldansen,Caramella,Supergott,1,210,
Caramelldansen,Caramella,Supergott,1,210,
Caramelldansen,Caramella,Supergott,1,210,
Caramelldansen,Caramella,Supergott,1,210,
Caramelldansen,Caramella,Supergott,1,210,
Caramelldansen,Caramella,Supergott,1,210,
Caramelldansen,Caramella,Supergott,1,210,
Caramelldansen,Caramella,Supergott,1,210,
Caramelldansen,Caramella,Supergott,1,210,
Caramelldansen,Caramella,Supergott,1,210,
Caramelldansen,Caramella,Supergott,1,210,
Caramelldansen,Caramella,Supergott,1,210,
Caramelldansen,Caramella,Supergott,1,210,
Caramelldansen,Caramella,Supergott,1,210,
Caramelldansen,Caramella,Supergott,1,210,
Caramelldansen,Caramella,Supergott,1,210,
Caramelldansen,Caramella,Supergott,1,210,
Caramelldansen,Caramella,Supergott,1,210,
Caramelldansen,Caramella,Supergott,1,210,
Caramelldansen,Caramella,Supergott,1,210,
Caramelldansen,Caramella,Supergott,1,210,
Caramelldansen,Caramella,Supergott,1,210,
Caramelldansen,Caramella,Supergott,1,210,
Caramelldansen,Caramella,Supergott,1,210,
Caramelldansen,Caramella,Supergott,1,210,
Caramelldansen,Caramella,Supergott,1,210,
Caramelldansen,Caramella,Supergott,1,210,
Caramelldansen,Caramella,Supergott,1,210,
Caramelldansen,Caramella,Supergott,1,210,
Caramelldansen,Caramella,Supergott,1,210,
Caramelldansen,Caramella,Supergott,1,210,
Caramelldansen,Caramella,Supergott,1,210,
Caramelldansen,Caramella,Supergott,1,210,
Caramelldansen,Caramella,Supergott,1,210,
Caramelldansen,Caramella,Supergott,1,210,
Caramelldansen,Caramella,Supergott,1,210,
Caramelldansen,Caramella,Supergott,1,210,
Caramelldansen,Caramella,Supergott,1,210,
Caramelldansen,Caramella,Supergott,1,210,
Caramelldansen,Caramella,Supergott,1,210,
Caramelldansen,Caramella,Supergott,1,210,
Caramelldansen,Caramella,Supergott,1,210,
Caramelldansen,Caramella,Supergott,1,210,
Caramelldansen,Caramella,Supergott,1,210,
Caramelldansen,Caramella,Supergott,1,210,
Caramelldansen,Caramella,Supergott,1,210,
Caramelldansen,Caramella,Supergott,1,210,
Caramelldansen,Caramella,Supergott,1,210,
Caramelldansen,Caramella,Supergott,1,210,
Caramelldansen,Caramella,Supergott,1,210,
Caramelldansen,Caramella,Supergott,1,210,
Caramelldansen,Caramella,Supergott,1,210,
Caramelldansen,Caramella,Supergott,1,210,
Caramelldansen,Caramella,Supergott,1,210,
Caramelldansen,Caramella,Supergott,1,210,
Caramelldansen,Caramella,Supergott,1,210,
Caramelldansen,Caramella,Supergott,1,210,
Caramelldansen,Caramella,Supergott,1,210,
Caramelldansen,Caramella,Supergott,1,210,
Caramelldansen,Caramella,Supergott,1,210,
Caramelldansen,Caramella,Supergott,1,210,
Caramelldansen,Caramella,Supergott,1,210,
Caramelldansen,Caramella,Supergott,1,210,
Caramelldansen,Caramella,Supergott,1,210,
Caramelldansen,Caramella,Supergott,1,210,
Caramelldansen,Caramella,Supergott,1,210,
Caramelldansen,Caramella,Supergott,1,210,
Caramelldansen,Caramella,Supergott,1,210,
Caramelldansen,Caramella,Supergott,1,210,
Caramelldansen,Caramella,Supergott,1,210,
Caramelldansen,Caramella,Supergott,1,210,
Caramelldansen,Caramella,Supergott,1,210,
Caramelldansen,Caramella,Supergott,1,210,
Caramelldansen,Caramella,Supergott,1,210,
Caramelldansen,Caramella,Supergott,1,210,
Caramelldansen,Caramella,Supergott,1,210,
Caramelldansen,Caramella,Supergott,1,210,
Caramelldansen,Caramella,Supergott,1,210,
Caramelldansen,Caramella,Supergott,1,210,
Caramelldansen,Caramella,Supergott,1,210,
Caramelldansen,Caramella,Supergott,1,210,
Caramelldansen,Caramella,Supergott,1,210,
Caramelldansen,Caramella,Supergott,1,210,
Caramelldansen,Caramella,Supergott,1,210,
Caramelldansen,Caramella,Supergott,1,210,
Caramelldansen,Caramella,Supergott,1,210,
Caramelldansen,Caramella,Supergott,1,210,
Caramelldansen,Caramella,Supergott,1,210,
Caramelldansen,Caramella,Supergott,1,210,
Caramelldansen,Caramella,Supergott,1,210,
Caramelldansen,Caramella,Supergott,1,210,
Caramelldansen,Caramella,Supergott,1,210,
Caramelldansen,Caramella,Supergott,1,210,
Caramelldansen,Caramella,Supergott,1,210,
Caramelldansen,Caramella,Supergott,1,210,
Caramelldansen,Caramella,Supergott,1,210,
Caramelldansen,Caramella,Supergott,1,210,
Caramelldansen,Caramella,Supergott,1,210,
Caramelldansen,Caramella,Supergott,1,210,
Caramelldansen,Caramella,Supergott,1,210,
Caramelldansen,Caramella,Supergott,1,210,
Caramelldansen,Caramella,Supergott,1,210,
Caramelldansen,Caramella,Supergott,1,210,
Caramelldansen,Caramella,Supergott,1,210,
Caramelldansen,Caramella,Supergott,1,210,
Caramelldansen,Caramella,Supergott,1,210,
Caramelldansen,Caramella,Supergott,1,210,
Caramelldansen,Caramella,Supergott,1,210,
Caramelldansen,Caramella,Supergott,1,210,
Caramelldansen,Caramella,Supergott,1,210,
Caramelldansen,Caramella,Supergott,1,210,
Caramelldansen,Caramella,Supergott,1,210,
Caramelldansen,Caramella,Supergott,1,210,
Caramelldansen,Caramella,Supergott,1,210,
Caramelldansen,Caramella,Supergott,1,210,
Caramelldansen,Caramella,Supergott,1,210,
Caramelldansen,Caramella,Supergott,1,210,
Caramelldansen,Caramella,Supergott,1,210,
Caramelldansen,Caramella,Supergott,1,210,
Caramelldansen,Caramella,Supergott,1,210,
Caramelldansen,Caramella,Supergott,1,210,
Caramelldansen,Caramella,Supergott,1,210,
Caramelldansen,Caramella,Supergott,1,210,
Caramelldansen,Caramella,Supergott,1,210,
Caramelldansen,Caramella,Supergott,1,210,
Caramelldansen,Caramella,Supergott,1,210,
Caramelldansen,Caramella,Supergott,1,210,
Caramelldansen,Caramella,Supergott,1,210,
Caramelldansen,Caramella,Supergott,1,210,
Caramelldansen,Caramella,Supergott,1,210,
Caramelldansen,Caramella,Supergott,1,210,
Caramelldansen,Caramella,Supergott,1,210,
Caramelldansen,Caramella,Supergott,1,210,
Caramelldansen,Caramella,Supergott,1,210,
Caramelldansen,Caramella,Supergott,1,210,
Caramelldansen,Caramella,Supergott,1,210,
Caramelldansen,Caramella,Supergott,1,210,
Caramelldansen,Caramella,Supergott,1,210,
Caramelldansen,Caramella,Supergott,1,210,
Caramelldansen,Caramella,Supergott,1,210,
Caramelldansen,Caramella,Supergott,1,210,
Caramelldansen,Caramella,Supergott,1,210,
Caramelldansen,Caramella,Supergott,1,210,
Caramelldansen,Caramella,Supergott,1,210,
Caramelldansen,Caramella,Supergott,1,210,
Caramelldansen,Caramella,Supergott,1,210,
Caramelldansen,Caramella,Supergott,1,210,
Caramelldansen,Caramella,Supergott,1,210,
Caramelldansen,Caramella,Supergott,1,210,
Caramelldansen,Caramella,Supergott,1,210,
Caramelldansen,Caramella,Supergott,1,210,
Caramelldansen,Caramella,Supergott,1,210,
Caramelldansen,Caramella,Supergott,1,210,
Caramelldansen,Caramella,Supergott,1,210,
Caramelldansen,Caramella,Supergott,1,210,
Caramelldansen,Caramella,Supergott,1,210,
Caramelldansen,Caramella,Supergott,1,210,
Caramelldansen,Caramella,Supergott,1,210,
Caramelldansen,Caramella,Supergott,1,210,
Caramelldansen,Caramella,Supergott,1,210,
Caramelldansen,Caramella,Supergott,1,210,
Caramelldansen,Caramella,Supergott,1,210,
Caramelldansen,Caramella,Supergott,1,210,
Caramelldansen,Caramella,Supergott,1,210,
Caramelldansen,Caramella,Supergott,1,210,
Caramelldansen,Caramella,Supergott,1,210,
Caramelldansen,Caramella,Supergott,1,210,
Caramelldansen,Caramella,Supergott,1,210,
Caramelldansen,Caramella,Supergott,1,210,
Caramelldansen,Caramella,Supergott,1,210,
Caramelldansen,Caramella,Supergott,1,210,
Caramelldansen,Caramella,Supergott,1,210,
Caramelldansen,Caramella,Supergott,1,210,
Caramelldansen,Caramella,Supergott,1,210,
Caramelldansen,Caramella,Supergott,1,210,
Caramelldansen,Caramella,Supergott,1,210,
Caramelldansen,Caramella,Supergott,1,210,
Caramelldansen,Caramella,Supergott,1,210,
Caramelldansen,Caramella,Supergott,1,210,
Caramelldansen,Caramella,Supergott,1,210,
Caramelldansen,Caramella,Supergott,1,210,
Caramelldansen,Caramella,Supergott,1,210,
Caramelldansen,Caramella,Supergott,1,210,
Caramelldansen,Caramella,Supergott,1,210,
Caramelldansen,Caramella,Supergott,1,210,
Caramelldansen,Caramella,Supergott,1,210,
Caramelldansen,Caramella,Supergott,1,210,
Caramelldansen,Caramella,Supergott,1,210,
Caramelldansen,Caramella,Supergott,1,210,
Caramelldansen,Caramella,Supergott,1,210,
Caramelldansen,Caramella,Supergott,1,210,
Caramelldansen,Caramella,Supergott,1,210,
Caramelldansen,Caramella,Supergott,1,210,
Caramelldansen,Caramella,Supergott,1,210,
Caramelldansen,Caramella,Supergott,1,210,
Caramelldansen,Caramella,Supergott,1,210,
Caramelldansen,Caramella,Supergott,1,210,
Caramelldansen,Caramella,Supergott,1,210,
Caramelldansen,Caramella,Supergott,1,210,
Caramelldansen,Caramella,Supergott,1,210,
Caramelldansen,Caramella,Supergott,1,210,
Caramelldansen,Caramella,Supergott,1,210,
Caramelldansen,Caramella,Supergott,1,210,
Caramelldansen,Caramella,Supergott,1,210,
Caramelldansen,Caramella,Supergott,1,210,
Caramelldansen,Caramella,Supergott,1,210,
Caramelldansen,Caramella,Supergott,1,210,
Caramelldansen,Caramella,Supergott,1,210,
Caramelldansen,Caramella,Supergott,1,210,
Caramelldansen,Caramella,Supergott,1,210,
Caramelldansen,Caramella,Supergott,1,210,
